[{"model": "products.category", "pk": 1, "fields": {"name": "Plants"}}, {"model": "products.category", "pk": 2, "fields": {"name": "Pots"}}, {"model": "products.category", "pk": 3, "fields": {"name": "Accessories"}}, {"model": "products.product", "pk": 1, "fields": {"product_code": "2145362b-13d3-40db-8de5-9ea5fc125b2c", "category": 1, "name": "Monstera Variegata", "description": "A monstera with beautiful white splashes around the leafs", "avg_rating": "4.0", "price": "60.00", "many_colors": "N", "main_pic": "monstera-variegata_QzLwARM.jpg", "pic2": "", "pic3": "", "pic4": "", "added_date": "2021-06-14T05:48:31.399Z", "release_date": "2021-06-27T05:46:01Z"}}, {"model": "products.product", "pk": 2, "fields": {"product_code": "0ba660e0-1c61-4061-8bfb-0f238a74165a", "category": 2, "name": "Plant Love Pot", "description": "Handcrafted pot, with \"Plant Love\" text", "avg_rating": "0.0", "price": "15.00", "many_colors": "Y", "main_pic": "plant_love_pot.jpg", "pic2": "", "pic3": "", "pic4": "", "added_date": "2021-06-14T05:56:53.269Z", "release_date": "2021-06-27T14:00:35Z"}}, {"model": "products.product", "pk": 3, "fields": {"product_code": "2e64d585-085d-4402-aa2c-ef1c6ecd4375", "category": 3, "name": "Macrame hanging basket", "description": "Planthangers made with heart and soul in four different knotted designs.\r\nEach piece is knotted with our full attention because we enjoy it.", "avg_rating": "0.0", "price": "13.00", "many_colors": "N", "main_pic": "macrame.jpg", "pic2": "", "pic3": "", "pic4": "", "added_date": "2021-06-27T10:16:56.730Z", "release_date": "2021-06-27T10:16:22Z"}}, {"model": "products.product", "pk": 4, "fields": {"product_code": "429a6fc7-7f4d-4e2e-9fde-739bc15cfc06", "category": 1, "name": "Philodendron Verrucosum", "description": "Rare Philodendron verrucosum, pottet and rooted plant.", "avg_rating": "0.0", "price": "45.00", "many_colors": "N", "main_pic": "philodendron_verrucosum.jpg", "pic2": "", "pic3": "", "pic4": "", "added_date": "2021-06-27T13:59:02.355Z", "release_date": "2021-06-27T13:58:50Z"}}, {"model": "products.product", "pk": 5, "fields": {"product_code": "f20367e0-d030-4926-b477-bffa0bc3c6b0", "category": 2, "name": "Retro Pot", "description": "A beautiful hand painted terracotta pot. Get some Retro feeling for your plants!", "avg_rating": "0.0", "price": "18.00", "many_colors": "N", "main_pic": "pot2.jpg", "pic2": "", "pic3": "", "pic4": "", "added_date": "2021-06-27T14:04:08.156Z", "release_date": "2021-06-27T14:03:50Z"}}, {"model": "products.product", "pk": 6, "fields": {"product_code": "5aa1390d-c9ce-4cb4-bcd3-4553b9b93e3c", "category": 1, "name": "Senecio Rowleyanus", "description": "Senecio rowleyanus, commonly known as string-of-pearls or string-of-beads", "avg_rating": "0.0", "price": "25.00", "many_colors": "N", "main_pic": "rowleyanus.jpg", "pic2": "", "pic3": "", "pic4": "", "added_date": "2021-06-27T18:07:38.345Z", "release_date": "2021-06-27T18:07:24Z"}}, {"model": "products.product", "pk": 7, "fields": {"product_code": "c2283d0c-586a-4cdd-bc46-55d22f851cfc", "category": 1, "name": "Alocasia", "description": "Alocasia, popularly called Elephant’s ear or Kris plant, is a genus of tuberous or rhizomatous perennials from the Araceae family. This popular flowering plant is a beautiful and striking houseplant, with green leaves accentuated by light green or whitish leaf veins.", "avg_rating": "0.0", "price": "35.00", "many_colors": "N", "main_pic": "alocasio.jpg", "pic2": "", "pic3": "", "pic4": "", "added_date": "2021-06-27T18:13:23.180Z", "release_date": "2021-06-27T18:13:09Z"}}, {"model": "products.product", "pk": 8, "fields": {"product_code": "bf055b85-178d-4e7b-a77f-e54068677704", "category": 3, "name": "Plantopedia", "description": "This is the definitive text for potting, maintaining, and loving your houseplants.\r\n\r\nHouseplants have the power to transform any room. With their lush foliage and structural beauty, they help create indoor oases that bring a sense of tranquility to our busy lives. Fostering a connection to plants has many positive implications for us and our environment by strengthening our relationship with the natural world.\r\n\r\nIn Plantopedia, Lauren Camilleri and Sophia Kaplan from Leaf Supply present the definitive guide to keeping happy, healthy houseplants in any space.", "avg_rating": "0.0", "price": "19.00", "many_colors": "N", "main_pic": "book.jpg", "pic2": "", "pic3": "", "pic4": "", "added_date": "2021-06-27T18:24:12.030Z", "release_date": "2021-06-27T18:23:46Z"}}, {"model": "products.product", "pk": 9, "fields": {"product_code": "00fc8f52-2940-4911-8b3d-db2f94eeaa2d", "category": 2, "name": "Animal Plant Pot", "description": "Get this funky pot and make your plant children something really special", "avg_rating": "0.0", "price": "17.00", "many_colors": "N", "main_pic": "animal_pot.jpg", "pic2": "", "pic3": "", "pic4": "", "added_date": "2021-06-27T18:29:19.460Z", "release_date": "2021-06-27T18:28:59Z"}}, {"model": "products.color", "pk": 1, "fields": {"name": "Blue", "color_hex": "#69FFF7", "product": 2}}, {"model": "products.color", "pk": 2, "fields": {"name": "White", "color_hex": "#FFFFFF", "product": 2}}, {"model": "products.color", "pk": 3, "fields": {"name": "Clay", "color_hex": "#C2A84F", "product": 2}}, {"model": "checkout.deliverytype", "pk": 1, "fields": {"name": "Express", "dispatch_speed": 1, "delivery_speed": 2, "limit": "50.00", "const": "15.00", "rate": "30.00"}}, {"model": "checkout.deliverytype", "pk": 2, "fields": {"name": "Standard", "dispatch_speed": 2, "delivery_speed": 4, "limit": "30.00", "const": "7.00", "rate": "15.00"}}, {"model": "checkout.order", "pk": 1, "fields": {"order_number": "7626474E-6007-478C-B837-6116E12CF587", "user_profile": 2, "first_name": "Maximilian", "last_name": "Test", "full_name": "Maximilian Test", "phone_number": "+491746858344", "email": "maximilian.dazer@gmx.de", "address_line_1": "Abram Joffe Strasse", "address_line_2": "14", "city": "Berlin", "region": null, "country": "DE", "postcode": "12489", "order_date": "2021-06-20T10:35:29.953Z", "dispatch_date": null, "est_dispatch_dte": "2021-06-29T10:51:48.857Z", "delivery_date": null, "est_deliery_dte": "2021-06-30T10:51:48.857Z", "delivery_type": 1, "delivery_cost": "89.99", "subtotal": "299.97", "total": "389.96", "original_cart": "{\"1\": 3}", "stripe_pid": "pi_1J4NzkH12bOzzJi7XQyEaMFS"}}, {"model": "checkout.order", "pk": 2, "fields": {"order_number": "C0DF0A45-EBF0-401F-A298-D84786EE12F2", "user_profile": 2, "first_name": "Maximilian", "last_name": "Test", "full_name": "Maximilian Test", "phone_number": "+491746858344", "email": "maximilian.dazer@gmx.de", "address_line_1": "Abram Joffe Strasse", "address_line_2": "14", "city": "Berlin", "region": null, "country": "DE", "postcode": "12489", "order_date": "2021-06-20T11:03:28.102Z", "dispatch_date": null, "est_dispatch_dte": "2021-06-30T10:51:48.865Z", "delivery_date": null, "est_deliery_dte": "2021-07-02T10:51:48.865Z", "delivery_type": 2, "delivery_cost": "4.80", "subtotal": "31.98", "total": "36.78", "original_cart": "{\"2\": 2}", "stripe_pid": "pi_1J4OL7H12bOzzJi7bEwMHe6Z"}}, {"model": "checkout.order", "pk": 3, "fields": {"order_number": "C8450CDB-A359-484E-AF56-5B3783F88DC1", "user_profile": 5, "first_name": "TEst", "last_name": "Test", "full_name": "TEst Test", "phone_number": "+491747663663", "email": "maximilian.dazer@gmx.de", "address_line_1": "Platz der Republik 1", "address_line_2": null, "city": "Berlin", "region": null, "country": "DE", "postcode": "11011", "order_date": "2021-06-23T18:24:34.062Z", "dispatch_date": null, "est_dispatch_dte": "2021-06-29T10:51:48.872Z", "delivery_date": null, "est_deliery_dte": "2021-06-30T10:51:48.872Z", "delivery_type": 1, "delivery_cost": "0.00", "subtotal": "99.99", "total": "89.99", "original_cart": "{\"1\": 1}", "stripe_pid": "pi_1J5akAH12bOzzJi7yb0kLW6A"}}, {"model": "checkout.order", "pk": 4, "fields": {"order_number": "72774444-709D-4249-935B-763C12B4AA68", "user_profile": 5, "first_name": "TEst", "last_name": "Test", "full_name": "TEst Test", "phone_number": "+491747663663", "email": "maximilian.dazer@gmx.de", "address_line_1": "Platz der Republik 1", "address_line_2": null, "city": "Berlin", "region": null, "country": "DE", "postcode": "11011", "order_date": "2021-06-23T18:48:15.370Z", "dispatch_date": null, "est_dispatch_dte": "2021-06-30T10:51:48.879Z", "delivery_date": null, "est_deliery_dte": "2021-07-02T10:51:48.879Z", "delivery_type": 2, "delivery_cost": "0.00", "subtotal": "99.99", "total": "89.99", "original_cart": "{\"1\": 1}", "stripe_pid": "pi_1J5b7AH12bOzzJi7WFL34JTP"}}, {"model": "checkout.order", "pk": 5, "fields": {"order_number": "686615A3-F4C1-4D82-AF32-DCD0B04B1D4D", "user_profile": 5, "first_name": "Max", "last_name": "Dazer", "full_name": "Max Dazer", "phone_number": "+491747663663", "email": "max.dazer@gmx.de", "address_line_1": "Platz der Republik 1", "address_line_2": null, "city": "Berlin", "region": null, "country": "DE", "postcode": "11011", "order_date": "2021-06-23T18:51:47.226Z", "dispatch_date": null, "est_dispatch_dte": "2021-06-30T10:51:48.887Z", "delivery_date": null, "est_deliery_dte": "2021-07-02T10:51:48.887Z", "delivery_type": 2, "delivery_cost": "0.00", "subtotal": "15.99", "total": "14.39", "original_cart": "{\"2\": 1}", "stripe_pid": "pi_1J5bAMH12bOzzJi72Ul8Q6DP"}}, {"model": "checkout.order", "pk": 6, "fields": {"order_number": "1CBD0816-18A3-43C8-8373-F9EA0AACEF23", "user_profile": 3, "first_name": "TEst", "last_name": "Test", "full_name": "TEst Test", "phone_number": "+491747663663", "email": "maximilian.dazer@gmx.de", "address_line_1": "Platz der Republik 1", "address_line_2": null, "city": "Berlin", "region": null, "country": "DE", "postcode": "11011", "order_date": "2021-06-25T06:40:11.584Z", "dispatch_date": null, "est_dispatch_dte": "2021-06-29T10:51:48.894Z", "delivery_date": null, "est_deliery_dte": "2021-06-30T10:51:48.894Z", "delivery_type": 1, "delivery_cost": "30.00", "subtotal": "99.99", "total": "129.99", "original_cart": "{\"1\": 1}", "stripe_pid": "pi_1J68hdH12bOzzJi7eX8oBzy8"}}, {"model": "checkout.order", "pk": 7, "fields": {"order_number": "C297E41C-BC0E-4BFB-9DAC-1EC100FB0073", "user_profile": 2, "first_name": "TEst", "last_name": "Test", "full_name": "TEst Test", "phone_number": "+491747663663", "email": "maximilian.dazer@gmx.de", "address_line_1": "Platz der Republik 1", "address_line_2": "14", "city": "Berlin", "region": null, "country": "DE", "postcode": "11011", "order_date": "2021-06-25T07:13:30.354Z", "dispatch_date": null, "est_dispatch_dte": "2021-06-30T10:51:48.900Z", "delivery_date": null, "est_deliery_dte": "2021-07-02T10:51:48.900Z", "delivery_type": 2, "delivery_cost": "7.00", "subtotal": "15.99", "total": "22.99", "original_cart": "{\"2\": 1}", "stripe_pid": "pi_1J69E1H12bOzzJi7fXteAsLF"}}, {"model": "checkout.order", "pk": 8, "fields": {"order_number": "6E420A09-E1A7-4943-B83D-A95779F25058", "user_profile": 5, "first_name": "TEst", "last_name": "Test", "full_name": "TEst Test", "phone_number": "+491747663663", "email": "max.dazer@gmx.de", "address_line_1": "Platz der Republik 1", "address_line_2": "14", "city": "Berlin", "region": null, "country": "DE", "postcode": "11011", "order_date": "2021-06-25T08:45:27.592Z", "dispatch_date": null, "est_dispatch_dte": "2021-06-30T10:51:48.907Z", "delivery_date": null, "est_deliery_dte": "2021-07-02T10:51:48.907Z", "delivery_type": 2, "delivery_cost": "0.00", "subtotal": "99.99", "total": "89.99", "original_cart": "{\"1\": 1}", "stripe_pid": "pi_1J6AesH12bOzzJi7kyJKySl8"}}, {"model": "checkout.order", "pk": 9, "fields": {"order_number": "D580C2AF-2CB8-44A1-9104-E8B9388975BC", "user_profile": 5, "first_name": "Max", "last_name": "Dazer", "full_name": "Max Dazer", "phone_number": "+491747663663", "email": "max.dazer@gmx.de", "address_line_1": "Platz der Republik 1", "address_line_2": null, "city": "Berlin", "region": null, "country": "DE", "postcode": "11011", "order_date": "2021-06-25T09:05:41.854Z", "dispatch_date": null, "est_dispatch_dte": "2021-06-30T10:51:48.914Z", "delivery_date": null, "est_deliery_dte": "2021-07-02T10:51:48.914Z", "delivery_type": 2, "delivery_cost": "0.00", "subtotal": "15.99", "total": "14.39", "original_cart": "{\"2\": 1}", "stripe_pid": "pi_1J6AySH12bOzzJi76AYfERt1"}}, {"model": "checkout.order", "pk": 10, "fields": {"order_number": "2FF640FB-3690-47FB-A8B2-D5BD45B3B0B8", "user_profile": 5, "first_name": "Max", "last_name": "Dazer", "full_name": "Max Dazer", "phone_number": "+491747663663", "email": "max.dazer@gmx.de", "address_line_1": "Platz der Republik 1", "address_line_2": "sss", "city": "Berlin", "region": null, "country": "DE", "postcode": "11011", "order_date": "2021-06-25T09:54:58.442Z", "dispatch_date": null, "est_dispatch_dte": "2021-06-29T10:51:48.921Z", "delivery_date": null, "est_deliery_dte": "2021-06-30T10:51:48.921Z", "delivery_type": 1, "delivery_cost": "0.00", "subtotal": "99.99", "total": "89.99", "original_cart": "{\"1\": 1}", "stripe_pid": "pi_1J6Bk6H12bOzzJi7DNcrYNqK"}}, {"model": "checkout.orderline", "pk": 1, "fields": {"order": 1, "product": 1, "color": null, "quantity": 3, "line_total": "299.97"}}, {"model": "checkout.orderline", "pk": 2, "fields": {"order": 2, "product": 2, "color": null, "quantity": 2, "line_total": "31.98"}}, {"model": "checkout.orderline", "pk": 3, "fields": {"order": 3, "product": 1, "color": null, "quantity": 1, "line_total": "99.99"}}, {"model": "checkout.orderline", "pk": 4, "fields": {"order": 4, "product": 1, "color": null, "quantity": 1, "line_total": "99.99"}}, {"model": "checkout.orderline", "pk": 5, "fields": {"order": 5, "product": 2, "color": null, "quantity": 1, "line_total": "15.99"}}, {"model": "checkout.orderline", "pk": 6, "fields": {"order": 6, "product": 1, "color": null, "quantity": 1, "line_total": "99.99"}}, {"model": "checkout.orderline", "pk": 7, "fields": {"order": 7, "product": 2, "color": null, "quantity": 1, "line_total": "15.99"}}, {"model": "checkout.orderline", "pk": 8, "fields": {"order": 8, "product": 1, "color": null, "quantity": 1, "line_total": "99.99"}}, {"model": "checkout.orderline", "pk": 9, "fields": {"order": 9, "product": 2, "color": null, "quantity": 1, "line_total": "15.99"}}, {"model": "checkout.orderline", "pk": 10, "fields": {"order": 10, "product": 1, "color": null, "quantity": 1, "line_total": "99.99"}}, {"model": "memberships.membership", "pk": 1, "fields": {"name": "Basic", "pic": "love.png", "free_delivery": "N", "first_order_disc": 20, "overall_discount": 0, "priority": "Low", "q_gift": "e-Thanks", "price": "0.00"}}, {"model": "memberships.membership", "pk": 2, "fields": {"name": "Advanced", "pic": "flower.png", "free_delivery": "Y", "first_order_disc": 30, "overall_discount": 10, "priority": "Med", "q_gift": "Limited Edition Pot", "price": "19.99"}}, {"model": "memberships.membership", "pk": 3, "fields": {"name": "Ultimate", "pic": "love-plant.png", "free_delivery": "Y", "first_order_disc": 50, "overall_discount": 30, "priority": "High", "q_gift": "Limited Edition Plant", "price": "29.99"}}, {"model": "memberships.stripecustomer", "pk": 1, "fields": {"user": 5, "stripeCustomerId": "cus_Jjd3rtG4OdKFDF", "stripeSubscriptionId": "sub_Jjd367KuCPgqKP"}}, {"model": "profiles.profile", "pk": 1, "fields": {"user": 2, "membership": 2, "user_phone_number": "01747663663", "user_address_line_1": "Platz der Republik 1", "user_address_line_2": null, "user_city": "Berlin", "user_region": null, "user_country": null, "user_postcode": "11011"}}, {"model": "profiles.profile", "pk": 2, "fields": {"user": 1, "membership": 1, "user_phone_number": "01746858344", "user_address_line_1": "Abram Joffe Strasse", "user_address_line_2": "14", "user_city": "Berlin", "user_region": null, "user_country": "DE", "user_postcode": "12489"}}, {"model": "profiles.profile", "pk": 3, "fields": {"user": 3, "membership": null, "user_phone_number": null, "user_address_line_1": null, "user_address_line_2": null, "user_city": null, "user_region": null, "user_country": null, "user_postcode": null}}, {"model": "profiles.profile", "pk": 4, "fields": {"user": 4, "membership": null, "user_phone_number": null, "user_address_line_1": null, "user_address_line_2": null, "user_city": null, "user_region": null, "user_country": null, "user_postcode": null}}, {"model": "profiles.profile", "pk": 5, "fields": {"user": 5, "membership": 2, "user_phone_number": "+491747663663", "user_address_line_1": "Platz der Republik 1", "user_address_line_2": "sss", "user_city": "Berlin", "user_region": null, "user_country": "DE", "user_postcode": "11011"}}, {"model": "reviews.review", "pk": 1, "fields": {"user": 1, "product": 1, "title": "Great Gift for my Girlfriend", "description": "nothing more to say!", "rating": 5, "upvotes": 0, "downvotes": 0, "date_posted": "2021-06-17T04:50:14.030Z"}}, {"model": "reviews.review", "pk": 2, "fields": {"user": 2, "product": 1, "title": "Test", "description": "hahahahaha", "rating": 3, "upvotes": 0, "downvotes": 0, "date_posted": "2021-06-17T06:54:28.247Z"}}, {"model": "reviews.review", "pk": 3, "fields": {"user": 5, "product": 1, "title": "Another Test", "description": "adoasdasdasdasdasdasd", "rating": 5, "upvotes": 0, "downvotes": 0, "date_posted": "2021-06-23T18:22:02.429Z"}}, {"model": "admin.logentry", "pk": 1, "fields": {"action_time": "2021-06-12T06:55:01.629Z", "user": 1, "content_type": 7, "object_id": "1", "object_repr": "plantparent.example.com", "action_flag": 2, "change_message": "[{\"changed\": {\"fields\": [\"Domain name\", \"Display name\"]}}]"}}, {"model": "admin.logentry", "pk": 2, "fields": {"action_time": "2021-06-13T10:21:25.740Z", "user": 1, "content_type": 8, "object_id": "1", "object_repr": "maximilian.dazer@gmx.de", "action_flag": 1, "change_message": "[{\"added\": {}}]"}}, {"model": "admin.logentry", "pk": 3, "fields": {"action_time": "2021-06-14T05:30:42.446Z", "user": 1, "content_type": 13, "object_id": "1", "object_repr": "Plants", "action_flag": 1, "change_message": "[{\"added\": {}}]"}}, {"model": "admin.logentry", "pk": 4, "fields": {"action_time": "2021-06-14T05:31:03.771Z", "user": 1, "content_type": 13, "object_id": "2", "object_repr": "Pots", "action_flag": 1, "change_message": "[{\"added\": {}}]"}}, {"model": "admin.logentry", "pk": 5, "fields": {"action_time": "2021-06-14T05:42:13.191Z", "user": 1, "content_type": 13, "object_id": "3", "object_repr": "Accessories", "action_flag": 1, "change_message": "[{\"added\": {}}]"}}, {"model": "admin.logentry", "pk": 6, "fields": {"action_time": "2021-06-14T05:48:31.400Z", "user": 1, "content_type": 14, "object_id": "1", "object_repr": "Monstera Variegata", "action_flag": 1, "change_message": "[{\"added\": {}}]"}}, {"model": "admin.logentry", "pk": 7, "fields": {"action_time": "2021-06-14T05:56:53.271Z", "user": 1, "content_type": 14, "object_id": "2", "object_repr": "Plant Love Pot", "action_flag": 1, "change_message": "[{\"added\": {}}, {\"added\": {\"name\": \"color\", \"object\": \"Blue\"}}, {\"added\": {\"name\": \"color\", \"object\": \"White\"}}, {\"added\": {\"name\": \"color\", \"object\": \"Clay\"}}]"}}, {"model": "admin.logentry", "pk": 8, "fields": {"action_time": "2021-06-17T04:47:07.803Z", "user": 2, "content_type": 16, "object_id": "1", "object_repr": "Basic", "action_flag": 1, "change_message": "[{\"added\": {}}]"}}, {"model": "admin.logentry", "pk": 9, "fields": {"action_time": "2021-06-17T04:48:15.832Z", "user": 2, "content_type": 16, "object_id": "2", "object_repr": "Advanced", "action_flag": 1, "change_message": "[{\"added\": {}}]"}}, {"model": "admin.logentry", "pk": 10, "fields": {"action_time": "2021-06-17T04:48:55.051Z", "user": 2, "content_type": 16, "object_id": "3", "object_repr": "Ultimate", "action_flag": 1, "change_message": "[{\"added\": {}}]"}}, {"model": "admin.logentry", "pk": 11, "fields": {"action_time": "2021-06-17T04:50:14.031Z", "user": 2, "content_type": 18, "object_id": "1", "object_repr": "Great Gift for my Girlfriend", "action_flag": 1, "change_message": "[{\"added\": {}}]"}}, {"model": "admin.logentry", "pk": 12, "fields": {"action_time": "2021-06-17T04:52:01.868Z", "user": 2, "content_type": 17, "object_id": "2", "object_repr": "mdz2500", "action_flag": 1, "change_message": "[{\"added\": {}}]"}}, {"model": "admin.logentry", "pk": 13, "fields": {"action_time": "2021-06-17T04:52:36.860Z", "user": 2, "content_type": 17, "object_id": "1", "object_repr": "adminuser", "action_flag": 2, "change_message": "[{\"changed\": {\"fields\": [\"Membership\", \"User phone number\", \"User address line 1\", \"City or town\", \"Post/zip code\"]}}]"}}, {"model": "admin.logentry", "pk": 14, "fields": {"action_time": "2021-06-17T06:16:22.580Z", "user": 2, "content_type": 16, "object_id": "1", "object_repr": "Basic", "action_flag": 2, "change_message": "[{\"changed\": {\"fields\": [\"Membership Picture\"]}}]"}}, {"model": "admin.logentry", "pk": 15, "fields": {"action_time": "2021-06-17T06:20:05.299Z", "user": 2, "content_type": 16, "object_id": "2", "object_repr": "Advanced", "action_flag": 2, "change_message": "[{\"changed\": {\"fields\": [\"Membership Picture\"]}}]"}}, {"model": "admin.logentry", "pk": 16, "fields": {"action_time": "2021-06-17T06:20:56.084Z", "user": 2, "content_type": 16, "object_id": "3", "object_repr": "Ultimate", "action_flag": 2, "change_message": "[{\"changed\": {\"fields\": [\"Membership Picture\"]}}]"}}, {"model": "admin.logentry", "pk": 17, "fields": {"action_time": "2021-06-17T08:11:59.384Z", "user": 2, "content_type": 19, "object_id": "1", "object_repr": "Express", "action_flag": 1, "change_message": "[{\"added\": {}}]"}}, {"model": "admin.logentry", "pk": 18, "fields": {"action_time": "2021-06-20T10:38:53.470Z", "user": 1, "content_type": 19, "object_id": "1", "object_repr": "Express", "action_flag": 2, "change_message": "[{\"changed\": {\"fields\": [\"Days to deliver order\", \"Delivery rate\"]}}]"}}, {"model": "admin.logentry", "pk": 19, "fields": {"action_time": "2021-06-20T10:41:17.572Z", "user": 1, "content_type": 19, "object_id": "2", "object_repr": "Standard", "action_flag": 1, "change_message": "[{\"added\": {}}]"}}, {"model": "admin.logentry", "pk": 20, "fields": {"action_time": "2021-06-20T10:41:48.547Z", "user": 1, "content_type": 19, "object_id": "1", "object_repr": "Express", "action_flag": 2, "change_message": "[{\"changed\": {\"fields\": [\"Order amount limit for set delivery cost\", \"Delivery rate\"]}}]"}}, {"model": "admin.logentry", "pk": 21, "fields": {"action_time": "2021-06-22T14:55:21.454Z", "user": 1, "content_type": 16, "object_id": "1", "object_repr": "Basic", "action_flag": 2, "change_message": "[{\"changed\": {\"fields\": [\"Membership Picture\"]}}]"}}, {"model": "admin.logentry", "pk": 22, "fields": {"action_time": "2021-06-22T14:55:33.895Z", "user": 1, "content_type": 16, "object_id": "3", "object_repr": "Ultimate", "action_flag": 2, "change_message": "[{\"changed\": {\"fields\": [\"Membership Picture\"]}}]"}}, {"model": "admin.logentry", "pk": 23, "fields": {"action_time": "2021-06-22T14:55:38.866Z", "user": 1, "content_type": 16, "object_id": "3", "object_repr": "Ultimate", "action_flag": 2, "change_message": "[]"}}, {"model": "admin.logentry", "pk": 24, "fields": {"action_time": "2021-06-22T14:55:46.337Z", "user": 1, "content_type": 16, "object_id": "2", "object_repr": "Advanced", "action_flag": 2, "change_message": "[{\"changed\": {\"fields\": [\"Membership Picture\"]}}]"}}, {"model": "admin.logentry", "pk": 25, "fields": {"action_time": "2021-06-27T10:16:56.731Z", "user": 1, "content_type": 14, "object_id": "3", "object_repr": "Macrame hanging basket", "action_flag": 1, "change_message": "[{\"added\": {}}]"}}, {"model": "admin.logentry", "pk": 26, "fields": {"action_time": "2021-06-27T10:17:59.721Z", "user": 1, "content_type": 14, "object_id": "3", "object_repr": "Macrame hanging basket", "action_flag": 2, "change_message": "[{\"changed\": {\"fields\": [\"Thumbnail picture\"]}}]"}}, {"model": "admin.logentry", "pk": 27, "fields": {"action_time": "2021-06-27T13:59:02.356Z", "user": 1, "content_type": 14, "object_id": "4", "object_repr": "Philodendron Verrucosum", "action_flag": 1, "change_message": "[{\"added\": {}}]"}}, {"model": "admin.logentry", "pk": 28, "fields": {"action_time": "2021-06-27T14:00:40.161Z", "user": 1, "content_type": 14, "object_id": "2", "object_repr": "Plant Love Pot", "action_flag": 2, "change_message": "[{\"changed\": {\"fields\": [\"Description\", \"Product release date\"]}}]"}}, {"model": "admin.logentry", "pk": 29, "fields": {"action_time": "2021-06-27T14:04:08.180Z", "user": 1, "content_type": 14, "object_id": "5", "object_repr": "Retro Pot", "action_flag": 1, "change_message": "[{\"added\": {}}]"}}, {"model": "admin.logentry", "pk": 30, "fields": {"action_time": "2021-06-27T14:04:26.762Z", "user": 1, "content_type": 14, "object_id": "5", "object_repr": "Retro Pot", "action_flag": 2, "change_message": "[{\"changed\": {\"fields\": [\"Thumbnail picture\"]}}]"}}, {"model": "admin.logentry", "pk": 31, "fields": {"action_time": "2021-06-27T14:05:52.468Z", "user": 1, "content_type": 14, "object_id": "5", "object_repr": "Retro Pot", "action_flag": 2, "change_message": "[{\"changed\": {\"fields\": [\"Price\"]}}]"}}, {"model": "admin.logentry", "pk": 32, "fields": {"action_time": "2021-06-27T14:06:01.870Z", "user": 1, "content_type": 14, "object_id": "4", "object_repr": "Philodendron Verrucosum", "action_flag": 2, "change_message": "[{\"changed\": {\"fields\": [\"Price\"]}}]"}}, {"model": "admin.logentry", "pk": 33, "fields": {"action_time": "2021-06-27T14:06:09.581Z", "user": 1, "content_type": 14, "object_id": "3", "object_repr": "Macrame hanging basket", "action_flag": 2, "change_message": "[{\"changed\": {\"fields\": [\"Price\"]}}]"}}, {"model": "admin.logentry", "pk": 34, "fields": {"action_time": "2021-06-27T14:06:18.471Z", "user": 1, "content_type": 14, "object_id": "2", "object_repr": "Plant Love Pot", "action_flag": 2, "change_message": "[{\"changed\": {\"fields\": [\"Price\"]}}]"}}, {"model": "admin.logentry", "pk": 35, "fields": {"action_time": "2021-06-27T14:06:39.492Z", "user": 1, "content_type": 14, "object_id": "1", "object_repr": "Monstera Variegata", "action_flag": 2, "change_message": "[{\"changed\": {\"fields\": [\"Price\", \"Product release date\"]}}]"}}, {"model": "admin.logentry", "pk": 36, "fields": {"action_time": "2021-06-27T18:07:38.347Z", "user": 1, "content_type": 14, "object_id": "6", "object_repr": "Senecio Rowleyanus", "action_flag": 1, "change_message": "[{\"added\": {}}]"}}, {"model": "admin.logentry", "pk": 37, "fields": {"action_time": "2021-06-27T18:13:23.181Z", "user": 1, "content_type": 14, "object_id": "7", "object_repr": "Alocasia", "action_flag": 1, "change_message": "[{\"added\": {}}]"}}, {"model": "admin.logentry", "pk": 38, "fields": {"action_time": "2021-06-27T18:24:12.032Z", "user": 1, "content_type": 14, "object_id": "8", "object_repr": "Plantopedia", "action_flag": 1, "change_message": "[{\"added\": {}}]"}}, {"model": "admin.logentry", "pk": 39, "fields": {"action_time": "2021-06-27T18:29:19.461Z", "user": 1, "content_type": 14, "object_id": "9", "object_repr": "Animal Plant Pot", "action_flag": 1, "change_message": "[{\"added\": {}}]"}}, {"model": "auth.user", "pk": 1, "fields": {"password": "pbkdf2_sha256$260000$zOpl1tZFXe0FotA71YsKYi$rRcQUPoN3LmP8bAVuzj2rI7Dwk4mA1f6lj1ZWpkKAZc=", "last_login": "2021-06-27T10:15:07.011Z", "is_superuser": true, "username": "mdz2500", "first_name": "", "last_name": "", "email": "maximilian.dazer@gmx.de", "is_staff": true, "is_active": true, "date_joined": "2021-06-12T06:18:32.175Z", "groups": [], "user_permissions": []}}, {"model": "auth.user", "pk": 2, "fields": {"password": "pbkdf2_sha256$260000$Bq5JJzSc4IW027rra18dUV$kIl+SiGJ2YLD+HNUI7iW3bxS1Xp/lRtoRnTOwCS5fYM=", "last_login": "2021-06-17T08:10:06.336Z", "is_superuser": true, "username": "adminuser", "first_name": "", "last_name": "", "email": "maximilian.dazer@gmx.de", "is_staff": true, "is_active": true, "date_joined": "2021-06-17T04:43:26.640Z", "groups": [], "user_permissions": []}}, {"model": "auth.user", "pk": 3, "fields": {"password": "pbkdf2_sha256$260000$A497LfdJT6Mlj7CHXgdOfx$gU5iGghJSish5gVBsnNcDu7kat2ZUHPmfIJdQWDPbWQ=", "last_login": "2021-06-25T06:36:25.521Z", "is_superuser": false, "username": "Tester2500", "first_name": "", "last_name": "", "email": "test@web.de", "is_staff": false, "is_active": true, "date_joined": "2021-06-21T13:06:07.735Z", "groups": [], "user_permissions": []}}, {"model": "auth.user", "pk": 4, "fields": {"password": "pbkdf2_sha256$260000$PbC79EilEG3NUFA8Rdgczo$IysoaOxtXp/rnxTf01jNcPlRUXQBehYl5EA3pvxyGVE=", "last_login": null, "is_superuser": false, "username": "Testing2500", "first_name": "", "last_name": "", "email": "tester@web.de", "is_staff": false, "is_active": true, "date_joined": "2021-06-21T13:08:37.912Z", "groups": [], "user_permissions": []}}, {"model": "auth.user", "pk": 5, "fields": {"password": "pbkdf2_sha256$260000$2IthzEhJfGL377TUsI5qbi$FZGtrGNj247aQJLmySfMvFjQFdBv0rtGrzSKMS2IHm8=", "last_login": "2021-06-25T07:49:02.009Z", "is_superuser": false, "username": "MaxDaz", "first_name": "", "last_name": "", "email": "max.dazer@gmx.de", "is_staff": false, "is_active": true, "date_joined": "2021-06-23T08:09:51.357Z", "groups": [], "user_permissions": []}}, {"model": "sessions.session", "pk": "2jidmlwjz22qtz5t729h3jo7gheup0rj", "fields": {"session_data": ".eJxVjDsOgzAQRO-yNbJYO14TyvScAe167UASgcSnQtw9IFEkzRQzb94GLa9L165zmtpeoQaE4rcTju80nIO-eHiOJo7DMvViTsRc62yaUdPncbF_go7n7nyjr3ypRJoUXXCE7DWgtSRJAmbro3Kie1n5fMvqnFAkUWEtPWcbD2nkaYF6A4IaCwhH7vsXupw9xQ:1lxZWx:7PPu4p23p4WKSKM_HZr_0gVRr3VMNT9Dmz70AH9GyYw", "expire_date": "2021-07-11T18:29:19.643Z"}}, {"model": "sessions.session", "pk": "6k77hdx2zow86walli06g4ldsd4uaxry", "fields": {"session_data": ".eJxVjsGOwjAMRP_F56pKaULb3OAX-IDIsb1qtCWgJK12hfj3bVYc4Dgz9pt5gMO1zG7NklxgsGCgefc80rfEGuCyVLtFotsaS_t_84pze9qVxBIIS7jF8-vrAzVjnnfOKMaPPXVaDB0Vs1HSs-6VIE3G88hE41eHyFp6fxg8mmFSg0avtBynbqrQLDnvNU5-7iH9glUNXOXqJeU53PeOE28YSeqAjJs4loJhyWBLWqUBwlTAPuAAtns2wLKETSoHLgUjY2J4_gHfKl99:1lwj1z:rFI4-DoC7xSXa2DCNbwp50bhcU2bSDcZ1u0XG8zJVf0", "expire_date": "2021-07-09T10:25:51.531Z"}}, {"model": "sessions.session", "pk": "oy33x9azfqog0q6ihr68ms0gmpo6os8o", "fields": {"session_data": "eyJjYXJ0Ijp7IjEiOjF9fQ:1ltjqG:poraC3VaihZgF3jhHtJjxfsDcX5wsKNiYk_WbyGtosQ", "expire_date": "2021-07-01T04:41:24.396Z"}}, {"model": "sessions.session", "pk": "qwasmoexywkb847lt0p3ggorbis15xda", "fields": {"session_data": "e30:1ltai5:3K7DQ4nLwAI5U2xYLsEgqmYZSIf3AeqPb5EIIbWDVuY", "expire_date": "2021-06-30T18:56:21.598Z"}}, {"model": "sessions.session", "pk": "vjc99h1xumw829bqy2f6wgdlw972plk8", "fields": {"session_data": "e30:1ltaLM:g3QvjFsOjDraY6Irn0QYquJPbQR2nougwyfPyQSnTRw", "expire_date": "2021-06-30T18:32:52.199Z"}}, {"model": "sessions.session", "pk": "ws8iyrqlv7dzc4k2sbsikjgikkyo4fgd", "fields": {"session_data": "eyJjYXJ0Ijp7IjEiOjF9fQ:1ltaLD:VHLK-m_KzN-W0ILnm3paP2HKr7DRYOBNhAkUFXhDols", "expire_date": "2021-06-30T18:32:43.666Z"}}, {"model": "sites.site", "pk": 1, "fields": {"domain": "plantparent.example.com", "name": "Plant Parent"}}, {"model": "account.emailaddress", "pk": 1, "fields": {"user": 1, "email": "maximilian.dazer@gmx.de", "verified": true, "primary": true}}, {"model": "account.emailaddress", "pk": 2, "fields": {"user": 3, "email": "test@web.de", "verified": true, "primary": true}}, {"model": "account.emailaddress", "pk": 3, "fields": {"user": 4, "email": "tester@web.de", "verified": true, "primary": true}}, {"model": "account.emailaddress", "pk": 4, "fields": {"user": 5, "email": "max.dazer@gmx.de", "verified": true, "primary": true}}]